corename,species,latitude,longitude,d18oc,temp,temp_ann,d18osw
86.01,bulloides,53.4,-27.48,1.4,8.642265892028808,10.468277931213379,0.35287103056907654
86.03,bulloides,50.15,-27.03,1.2,10.748785400390625,12.398990631103516,0.4516538977622986
86.05,bulloides,46.88,-25.35,0.76,13.188590812683106,14.819279670715332,0.6442744731903076
86.07,bulloides,43.92,-24.97,0.64,14.353941917419434,16.53485107421875,0.7181207537651062
86.07,ruberwhite,43.92,-24.97,0.18,14.353941917419434,16.53485107421875,0.7181207537651062
86.08,bulloides,42.25,-25.67,0.74,14.657856559753418,16.887971878051758,0.7426038980484009
86.08,ruberwhite,42.25,-25.67,0.09,14.657856559753418,16.887971878051758,0.7426038980484009
86.09,bulloides,40.8,-27.45,0.87,15.762500381469726,18.047815322875977,0.8029398918151855
86.09,ruberwhite,40.8,-27.45,0.21,15.762500381469726,18.047815322875977,0.8029398918151855
86.1,bulloides,37.12,-30.03,0.47,16.660009384155273,19.25408172607422,0.9457144737243652
86.11,bulloides,35.57,-32.55,0.5,17.758063507080077,20.292518615722656,1.0453903675079346
86.11,ruberwhite,35.57,-32.55,-0.09,17.758063507080077,20.292518615722656,1.0453903675079346
86.13,bulloides,32.77,-34.7,1.11,19.69016342163086,22.009674072265625,1.1409411430358887
86.13,ruberwhite,32.77,-34.7,-0.14,19.69016342163086,22.009674072265625,1.1409411430358887
86.14,bulloides,31.43,-36.25,0.87,20.043810653686524,22.54979705810547,1.181870937347412
86.14,ruberwhite,31.43,-36.25,-0.24,20.043810653686524,22.54979705810547,1.181870937347412
86.15,bulloides,30.48,-36.95,0.3,20.434005737304688,22.549619674682617,1.2037543058395386
88.01,bulloides,59.71,-27.36,1.72,7.780341386795044,9.104955673217773,0.30823174118995667
88.02,bulloides,57.9,-25.96,1.76,8.325444221496582,9.796502113342285,0.35698753595352173
88.03,bulloides,56.44,-27.8,1.72,8.115612697601318,9.63902759552002,0.32735615968704224
88.04,bulloides,55.01,-28.27,1.44,7.918026542663574,9.589369773864746,0.3122713565826416
88.05,bulloides,53.59,-27.12,1.3,8.642265892028808,10.468277931213379,0.35287103056907654
88.06,bulloides,51.41,-25.76,1.17,10.224335289001464,11.943882942199707,0.4394865334033966
88.07,bulloides,50.54,-26.55,1.05,10.8097713470459,12.496331214904785,0.4638092815876007
88.09,bulloides,48.39,-25.13,0.59,12.040067863464355,13.816155433654785,0.571251392364502
88.11,bulloides,45.4,-25.43,0.41,13.472089385986328,15.396113395690918,0.6713877320289612
88.11,ruberwhite,45.4,-25.43,0.02,13.472089385986328,15.396113395690918,0.6713877320289612
88.12,bulloides,44.14,-24.92,0.67,14.059404563903808,16.179386138916016,0.6947681307792664
88.12,ruberwhite,44.14,-24.92,0.03,14.059404563903808,16.179386138916016,0.6947681307792664
88.13,bulloides,42.87,-25.26,0.65,14.657856559753418,16.887971878051758,0.7426038980484009
88.13,ruberwhite,42.87,-25.26,0.0,14.657856559753418,16.887971878051758,0.7426038980484009
88.14,bulloides,40.41,-25.75,0.85,15.10860595703125,17.529193878173828,0.794248104095459
88.14,ruberwhite,40.41,-25.75,0.27,15.10860595703125,17.529193878173828,0.794248104095459
88.15,bulloides,38.739999999999995,-25.025,0.69,15.61371898651123,18.227548599243164,0.8486621379852295
88.15,ruberwhite,38.739999999999995,-25.025,0.025,15.61371898651123,18.227548599243164,0.8486621379852295
88.17,bulloides,34.629999999999995,-29.755000000000003,0.885,18.296161270141603,20.732091903686523,1.0485824346542358
88.17,ruberwhite,34.629999999999995,-29.755000000000003,0.045,18.296161270141603,20.732091903686523,1.0485824346542358
88.18,bulloides,33.75,-32.16,1.3,19.017471694946288,21.42778968811035,1.094846487045288
88.18,ruberwhite,33.75,-32.16,0.05,19.017471694946288,21.42778968811035,1.094846487045288
88.19,bulloides,31.31,-30.48,0.9,19.677993774414062,21.811010360717773,1.1323177814483643
88.19,ruberwhite,31.31,-30.48,-0.24,19.677993774414062,21.811010360717773,1.1323177814483643
90.01,bulloides,58.5,-20.49,1.85,9.028389930725098,10.240084648132324,0.4058992266654968
90.02,bulloides,53.06,-20.8,1.22,10.351679801940918,11.892971992492676,0.4599928855895996
90.03,bulloides,47.67,-20.81,0.77,12.592466163635255,14.341780662536621,0.611230194568634
90.04,bulloides,47.17,-21.39,0.97,12.691607666015624,14.508557319641113,0.6101452112197876
90.05,bulloides,45.99,-23.85,0.68,13.109008407592773,15.273015022277832,0.6715365648269653
90.07,bulloides,46.29,-23.6,1.3,12.996413803100586,14.684576988220215,0.6469382047653198
90.08,bulloides,46.21,-23.72,0.62,12.996413803100586,14.684576988220215,0.6469382047653198
90.1,bulloides,45.35,-27.15,0.86,13.662530517578125,15.651154518127441,0.6697179079055786
90.11,bulloides,45.0,-24.66,0.47,13.455467796325683,15.258658409118652,0.6711506247520447
90.13,bulloides,44.0,-20.02,0.7,13.254312705993652,15.464749336242676,0.6897323131561279
90.15,bulloides,47.62,-20.92,1.11,12.592466163635255,14.341780662536621,0.611230194568634
16301,bulloides,67.6908,11.0333,1.82,5.56483211517334,7.764646053314209,0.09143950045108795
17961,ruberwhite,8.51,112.33,-3.04,,28.055404663085938,0.1510031372308731
18381,ruberwhite,7.48,109.12,-3.0,,28.052156448364258,0.14446993172168732
18387,ruberwhite,8.1,110.63,-3.19,,28.233991622924805,0.151032492518425
18393,ruberwhite,9.75,109.12,-2.965,,27.86009407043457,0.1534312516450882
18395,ruberwhite,9.98,109.47,-3.225,,27.86009407043457,0.1534312516450882
18423,ruberwhite,16.27,108.65,-2.645,,26.43898582458496,0.18048915266990662
124-769A,ruberwhite,8.79,121.29,-2.57,,28.52269172668457,0.23148541152477264
130-806B,sacculifer,0.32,159.36,-1.98,29.301958084106445,29.301958084106445,0.28499311208724976
16302-1,bulloides,67.75,11.1838,1.82,5.56483211517334,7.764646053314209,0.09143950045108795
16304-1,bulloides,68.2633,12.3417,2.06,5.837855815887451,7.732532501220703,0.1357610821723938
16305-1/2,bulloides,68.232,12.475,1.82,5.837855815887451,7.732532501220703,0.1357610821723938
16306-3,bulloides,68.185,12.3,1.38,5.837855815887451,7.732532501220703,0.1357610821723938
172-1059,ruberwhite,31.67,-75.42,-1.5,,24.309064865112305,0.967945396900177
17938-2,ruberwhite,19.78,117.53,-2.93,,26.702417373657227,0.23927398025989532
17940-2,ruberwhite,20.12,117.38,-2.54,,26.45128631591797,0.24639230966567993
17954-2,ruberwhite,14.8,111.53,-3.0,,27.40465545654297,0.19483797252178192
17964-3,ruberwhite,6.16,112.21,-3.2,,28.444053649902344,0.13634680211544037
18287-3,ruberwhite,5.66,110.66,-3.26,,28.34334373474121,0.12857435643672943
31-02,bulloides,70.0,3.9917,2.1,4.6103246212005615,6.287940502166748,0.3538399040699005
31-KL,sacculifer,18.75,115.87,-2.34,26.866167068481445,26.866167068481445,0.23427459597587585
80-KB-11,bulloides,36.5,24.33,1.45,16.060145759582518,19.444189071655273,1.579625129699707
80-KB-11,ruberwhite,36.5,24.33,0.91,16.060145759582518,19.444189071655273,1.579625129699707
90-564,bulloides,-45.52,174.95,1.59,8.289661884307861,10.809340476989746,0.09277549386024475
AC-2,ruberwhite,33.36,159.13,-1.05,,20.94220542907715,0.11493624746799469
AET 25,ruberwhite,5.1,73.75,-2.33,,28.82297706604004,0.419638454914093
AHF-11343,bulloides,32.8,-119.86,0.49000001,14.456061935424804,15.80532455444336,-0.43622416257858276
AHF-16830,bulloides,31.47,-118.42,0.01,15.161074447631837,16.6520938873291,-0.3888838589191437
AHF-16832,bulloides,31.87,-118.12,-1.205,15.161074447631837,16.6520938873291,-0.3888838589191437
AHF-28181,bulloides,33.01,-119.06,-0.12,13.918202781677246,15.56490707397461,-0.4672453999519348
BAR 94-42-P,ruberwhite,-6.08,102.42,-2.78,,28.0070743560791,0.2080875188112259
BARP-9406  ,ruberwhite,-2.36,99.2,-2.64,,29.30316162109375,0.15493826568126678
BARP-9407  ,ruberwhite,-0.5,96.94,-2.9,,29.108747482299805,0.20887817442417145
BARP-9409  ,ruberwhite,0.57,96.74,-2.72,,28.94993019104004,0.20943373441696167
BARP-9412,ruberwhite,-0.93,97.92,-2.6,,29.205514907836914,0.18796896934509277
BARP-9413  ,ruberwhite,-0.98,99.39,-2.92,,29.975244522094727,0.16478751599788666
BARP-9415  ,ruberwhite,0.89,98.27,-3.03,,29.301347732543945,0.1655896008014679
BARP-9422  ,ruberwhite,5.26,93.81,-2.23,,28.625770568847656,0.17921659350395203
BARP-9426  ,ruberwhite,5.95,94.43,-2.67,,28.756074905395508,0.15492071211338043
BARP-9435,ruberwhite,-1.74,98.48,-2.22,,29.008529663085938,0.1751548945903778
BARP-9437,ruberwhite,-1.54,96.38,-2.48,,28.78570556640625,0.21046867966651917
BARP-9441,ruberwhite,-5.38,101.89,-3.07,,28.85732078552246,0.1904105395078659
BOFS Core 17K,bulloides,58.0,-16.51,1.54,9.004147720336913,10.242883682250977,0.4366561472415924
BOFS Core 5K,bulloides,50.69,-21.87,0.86,11.273563575744628,12.869616508483887,0.5127182006835938
BOFS Core 8K,bulloides,52.5,-22.07,1.31,10.61460075378418,12.010281562805176,0.4457421898841858
CH 69-K09,bulloides,41.76,-47.35,1.1549999999999998,13.505292320251465,16.335115432739258,0.3699361979961395
CH 73-139C,bulloides,54.64,-16.36,0.91,10.298837089538575,11.900787353515625,0.48784971237182617
CH 73-139C,pachyderma,54.64,-16.36,1.0750000000000002,10.298837089538575,11.900787353515625,0.48784971237182617
CH 77-02,bulloides,52.71,-36.09,1.69,6.435453224182129,8.514214515686035,0.1774383783340454
CH67-19,bulloides,45.75,-3.95,1.47,12.385953903198242,15.424090385437012,0.5030682682991028
CH73-R01,pachyderma,56.32,-11.55,1.2519324386000001,,11.33069133758545,0.4591559171676636
CH73-R02,pachyderma,58.08,-10.72,1.2257721998000002,,10.677102088928223,0.4404231905937195
CH73-R07,pachyderma,59.25,-10.22,1.3585000958000002,,10.168150901794434,0.4343951344490051
CH73-R10,pachyderma,55.6,-14.48,1.298818583,,11.695122718811035,0.48102322220802307
CH73-R11,pachyderma,51.48,-17.68,1.0675299356,,12.875121116638184,0.529803991317749
CH73-R12,pachyderma,50.15,-17.37,0.887172254,,13.168659210205078,0.5503699779510498
CH77-R01,pachyderma,52.28,-35.25,1.4986226699,,8.357094764709473,0.1961231380701065
CH77-R03,pachyderma,57.93,-29.13,1.6687041916400003,,9.098367691040039,0.2873067557811737
CHN 82-20,bulloides,43.5,-29.87,0.2,14.586532974243164,16.74038314819336,0.7318755984306335
CHO 288-54,ruberwhite,17.43,-77.66,-2.125,,27.82318687438965,0.8433324694633484
CS 72-37,bulloides,36.69,12.28,1.07,15.437095832824706,19.007871627807617,1.3275810480117798
CS 72-37,pachyderma,36.69,12.28,0.72,15.437095832824706,19.007871627807617,1.3275810480117798
CS 72-37,ruberwhite,36.69,12.28,0.5,15.437095832824706,19.007871627807617,1.3275810480117798
DGKS 96-06,ruberwhite,28.35,126.353,-2.26,,24.159454345703125,-0.14874902367591858
DGKS9603,ruberwhite,28.15,127.27,-2.3100856,,25.287681579589844,-0.06155930459499359
DSDP 594,ruberwhite,-45.5,174.95,1.59,,10.809340476989746,0.09277549386024475
E11-2,bulloides,-56.0,-115.0,2.28,4.98799991607666,5.704874038696289,-0.2928188443183899
EN32-PC6,ruberwhite,26.95,-91.35,-1.59,,25.496667861938477,0.7341499328613281
ERDC-92,sacculifer,-2.23,157.0,-1.895,29.398216247558594,29.398216247558594,0.2882743775844574
ERDC102BX,ruberwhite,-3.61,161.32,-2.33,,29.28070640563965,0.3195645809173584
ERDC108BX,sacculifer,1.75,160.8,-1.7871428,29.469505310058594,29.469505310058594,0.27443286776542664
ERDC112Bx,sacculifer,-1.63,159.24,-2.0799999,29.33788299560547,29.33788299560547,0.2798185348510742
ERDC123Bx,sacculifer,-0.02,160.42,-1.6833333,29.440954208374023,29.440954208374023,0.29617780447006226
ERDC125Bx,sacculifer,0.0,161.0,-1.57,29.495956420898438,29.495956420898438,0.33443373441696167
ERDC128BX,sacculifer,-0.02,161.43,-1.82,29.495956420898438,29.495956420898438,0.33443373441696167
ERDC129BX,sacculifer,0.01,161.98,-1.89,29.463905334472656,29.463905334472656,0.32852768898010254
ERDC135BX,sacculifer,-0.88,160.99,-1.68,29.440954208374023,29.440954208374023,0.29617780447006226
ERDC136BX,sacculifer,1.1,161.61,-1.73,29.237804412841797,29.237804412841797,0.31435489654541016
ERDC139BX,sacculifer,1.36,162.39,-1.6,29.271440505981445,29.271440505981445,0.34219035506248474
ERDC79Bx,sacculifer,2.79,156.23,-2.31,29.413002014160156,29.413002014160156,0.3183736205101013
ERDC88Bx,sacculifer,-0.05,155.87,-2.23,29.448911666870117,29.448911666870117,0.3208765387535095
ERDC89P,ruberwhite,0.0,155.87,-2.17,,29.448911666870117,0.3208765387535095
ERDC92BX,ruberwhite,-2.23,157.0,-2.44,29.398216247558594,29.398216247558594,0.2882743775844574
ERDC92BX,sacculifer,-2.23,157.0,-2.01,29.398216247558594,29.398216247558594,0.2882743775844574
GC4,ruberwhite,-12.17,121.56,-2.76,,28.570249557495117,0.33095818758010864
GC5,ruberwhite,-12.22,122.12,-2.78,,28.696683883666992,0.33571428060531616
GEOFAR KF21,bulloides,38.0,-29.09,0.0,15.902318954467773,18.50452423095703,0.8889465928077698
GIK12301-5,bulloides,27.05,-15.05,-0.36,18.985352325439454,20.419946670532227,1.1414424180984497
GIK12301-5,ruberwhite,27.05,-15.05,-0.6,18.985352325439454,20.419946670532227,1.1414424180984497
GIK12302-3,bulloides,26.0,-14.67,-0.03,18.3497615814209,19.27301597595215,1.1407256126403809
GIK12302-3,ruberwhite,26.0,-14.67,-0.81,18.3497615814209,19.27301597595215,1.1407256126403809
GIK12303-3,bulloides,26.2,-14.79,-0.19,18.3497615814209,19.27301597595215,1.1407256126403809
GIK12303-3,ruberwhite,26.2,-14.79,-0.69,18.3497615814209,19.27301597595215,1.1407256126403809
GIK12304-3,bulloides,26.23,-14.81,-0.3,18.3497615814209,19.27301597595215,1.1407256126403809
GIK12304-3,ruberwhite,26.23,-14.81,-0.56,18.3497615814209,19.27301597595215,1.1407256126403809
GIK12305-2,bulloides,26.29,-14.86,0.12,18.3497615814209,19.27301597595215,1.1407256126403809
GIK12305-2,ruberwhite,26.29,-14.86,-0.63,18.3497615814209,19.27301597595215,1.1407256126403809
GIK12306-2,bulloides,26.49,-14.93,-0.49,18.3497615814209,19.27301597595215,1.1407256126403809
GIK12306-2,ruberwhite,26.49,-14.93,-0.67,18.3497615814209,19.27301597595215,1.1407256126403809
GIK12307-3,bulloides,26.41,-14.96,-0.35,18.3497615814209,19.27301597595215,1.1407256126403809
GIK12307-3,ruberwhite,26.41,-14.96,-0.5,18.3497615814209,19.27301597595215,1.1407256126403809
GIK12308-2,bulloides,26.65,-15.05,-0.43,19.032041549682617,20.304365158081055,1.1407256126403809
GIK12308-2,ruberwhite,26.65,-15.05,-0.57,19.032041549682617,20.304365158081055,1.1407256126403809
GIK12309-1,bulloides,26.84,-15.11,-0.56,19.032041549682617,20.304365158081055,1.1407256126403809
GIK12309-1,ruberwhite,26.84,-15.11,-0.83,19.032041549682617,20.304365158081055,1.1407256126403809
GIK12309-2,ruberwhite,26.83,-15.117,-0.52,,20.304365158081055,1.1407256126403809
GIK12310-1,ruberwhite,23.5,-18.72,-0.96,,21.156084060668945,1.1145920753479004
GIK12313-2,bulloides,22.48,-17.15,-0.17,17.845887756347658,18.796491622924805,1.0606310367584229
GIK12314-2,bulloides,22.5,-17.22,-0.1,17.845887756347658,18.796491622924805,1.0606310367584229
GIK12315-2,bulloides,22.71,-17.16,-0.22,17.845887756347658,18.796491622924805,1.0606310367584229
GIK12316-1,bulloides,22.71,-17.13,-0.14,17.845887756347658,18.796491622924805,1.0606310367584229
GIK12317-1,bulloides,22.86,-17.15,-0.17,17.845887756347658,18.796491622924805,1.0606310367584229
GIK12322-2,bulloides,22.9,-17.16,-0.21,17.845887756347658,18.796491622924805,1.0606310367584229
GIK12323-1,bulloides,22.91,-17.19,-0.29,17.845887756347658,18.796491622924805,1.0606310367584229
GIK12323-1,ruberwhite,22.91,-17.19,-0.71,17.845887756347658,18.796491622924805,1.0606310367584229
GIK12324-1,bulloides,22.92,-17.22,-0.16,17.845887756347658,18.796491622924805,1.0606310367584229
GIK12324-1,ruberwhite,22.92,-17.22,-0.74,17.845887756347658,18.796491622924805,1.0606310367584229
GIK12325-4,bulloides,22.99,-17.33,-0.35,17.845887756347658,18.796491622924805,1.0606310367584229
GIK12325-4,ruberwhite,22.99,-17.33,-0.68,17.845887756347658,18.796491622924805,1.0606310367584229
GIK12326-2,bulloides,23.04,-17.41,-0.4,18.381890106201173,19.32160186767578,1.1065651178359985
GIK12326-2,ruberwhite,23.04,-17.41,-1.05,18.381890106201173,19.32160186767578,1.1065651178359985
GIK12327-2,bulloides,23.13,-17.74,-0.54,18.381890106201173,19.32160186767578,1.1065651178359985
GIK12327-2,ruberwhite,23.13,-17.41,-0.8,18.381890106201173,19.32160186767578,1.1065651178359985
GIK12328-1,bulloides,21.15,-18.57,-0.35,18.65957679748535,20.006486892700195,1.0137790441513062
GIK12328-1,ruberwhite,21.15,-18.573,-1.42,18.65957679748535,20.006486892700195,1.0137790441513062
GIK12329-1,ruberwhite,19.04,-19.93,-1.17,,21.656415939331055,0.9122494459152222
GIK12337-4,ruberwhite,15.952,-18.014,-1.35,,24.189245223999023,0.7724467515945435
GIK12338-1,bulloides,15.32,-17.06,-0.56,20.08506965637207,23.476293563842773,0.7644811272621155
GIK12338-1,ruberwhite,15.32,-17.06,-1.99,20.08506965637207,23.476293563842773,0.7644811272621155
GIK12339-2,bulloides,15.34,-18.18,-0.77,21.28876724243164,24.189245223999023,0.7724467515945435
GIK12339-2,ruberwhite,15.34,-18.18,-1.98,21.28876724243164,24.189245223999023,0.7724467515945435
GIK12340-3,bulloides,15.35,-17.19,-0.51,20.08506965637207,23.476293563842773,0.7644811272621155
GIK12340-3,ruberwhite,15.35,-17.19,-2.06,20.08506965637207,23.476293563842773,0.7644811272621155
GIK12341-2,bulloides,15.38,-17.2,-0.48,20.08506965637207,23.476293563842773,0.7644811272621155
GIK12341-2,ruberwhite,15.38,-17.2,-1.86,20.08506965637207,23.476293563842773,0.7644811272621155
GIK12342-1,bulloides,15.38,-17.25,-0.16,20.08506965637207,23.476293563842773,0.7644811272621155
GIK12342-1,ruberwhite,15.38,-17.25,-1.98,20.08506965637207,23.476293563842773,0.7644811272621155
GIK12343-1,bulloides,15.4,-17.28,-0.44,20.08506965637207,23.476293563842773,0.7644811272621155
GIK12343-1,ruberwhite,15.4,-17.28,-1.56,20.08506965637207,23.476293563842773,0.7644811272621155
GIK12344-2,bulloides,15.43,-17.34,-0.8,20.08506965637207,23.476293563842773,0.7644811272621155
GIK12344-2,ruberwhite,15.43,-17.34,-1.86,20.08506965637207,23.476293563842773,0.7644811272621155
GIK12345-3,ruberwhite,15.48,-17.36,-2.45,,23.476293563842773,0.7644811272621155
GIK12345-4,ruberwhite,15.467,-17.358,-1.95,,23.476293563842773,0.7644811272621155
GIK12347-1,ruberwhite,15.83,-17.85,-1.84,,23.476293563842773,0.7644811272621155
GIK12347-2,ruberwhite,15.83,-17.85,-1.84,,23.476293563842773,0.7644811272621155
GIK12379-3,ruberwhite,23.13,-17.75,-0.54,,19.32160186767578,1.1065651178359985
GIK12392-1,ruberwhite,25.17,-16.85,-0.78,,20.28325843811035,1.1454719305038452
GIK13220-1,bulloides,12.54,-17.56,-0.96,27.985499382019043,24.766738891601562,0.7246462106704712
GIK13220-1,ruberwhite,12.54,-17.56,-2.49,27.985499382019043,24.766738891601562,0.7246462106704712
GIK13221-1,ruberwhite,12.54,-17.58,-2.28,,24.766738891601562,0.7246462106704712
GIK13222-1,bulloides,12.54,-17.59,-1.46,27.985499382019043,24.766738891601562,0.7246462106704712
GIK13222-1,ruberwhite,12.54,-17.59,-2.7,27.985499382019043,24.766738891601562,0.7246462106704712
GIK13223-3,bulloides,12.54,-17.6,-1.07,27.985499382019043,24.766738891601562,0.7246462106704712
GIK13223-3,ruberwhite,12.54,-17.6,-2.55,27.985499382019043,24.766738891601562,0.7246462106704712
GIK13224-2,bulloides,12.53,-17.62,-1.24,27.985499382019043,24.766738891601562,0.7246462106704712
GIK13224-2,ruberwhite,12.53,-17.62,-2.69,27.985499382019043,24.766738891601562,0.7246462106704712
GIK13225-2,ruberwhite,12.53,-17.64,-2.86,,24.766738891601562,0.7246462106704712
GIK13229-2,ruberwhite,19.37,-19.93,-1.23,,21.656415939331055,0.9122494459152222
GIK13230-1,bulloides,14.13,-17.45,-1.91,27.927074909210205,23.308935165405273,0.7362132668495178
GIK13230-1,ruberwhite,14.13,-17.45,-2.27,27.927074909210205,23.308935165405273,0.7362132668495178
GIK13231-1,bulloides,14.12,-17.52,-0.77,27.927074909210205,23.308935165405273,0.7362132668495178
GIK13231-1,ruberwhite,14.12,-17.52,-1.97,27.927074909210205,23.308935165405273,0.7362132668495178
GIK13232-1,bulloides,14.12,-17.52,-0.76,27.927074909210205,23.308935165405273,0.7362132668495178
GIK13232-1,ruberwhite,14.12,-17.52,-2.35,27.927074909210205,23.308935165405273,0.7362132668495178
GIK13233-1,bulloides,14.12,-17.53,-0.99,27.927074909210205,23.308935165405273,0.7362132668495178
GIK13233-1,ruberwhite,14.12,-17.53,-2.47,27.927074909210205,23.308935165405273,0.7362132668495178
GIK13234-1,bulloides,14.12,-17.54,-1.23,27.927074909210205,23.308935165405273,0.7362132668495178
GIK13234-1,ruberwhite,14.12,-17.54,-2.34,27.927074909210205,23.308935165405273,0.7362132668495178
GIK13235-2,bulloides,14.11,-17.55,-0.63,27.927074909210205,23.308935165405273,0.7362132668495178
GIK13235-2,ruberwhite,14.11,-17.55,-2.25,27.927074909210205,23.308935165405273,0.7362132668495178
GIK13236-1,bulloides,14.11,-17.6,-0.47,27.927074909210205,23.308935165405273,0.7362132668495178
GIK13236-1,ruberwhite,14.11,-17.6,-2.02,27.927074909210205,23.308935165405273,0.7362132668495178
GIK13237-1,bulloides,14.14,-17.65,-0.12,27.927074909210205,23.308935165405273,0.7362132668495178
GIK13237-1,ruberwhite,14.14,-17.65,-1.91,27.927074909210205,23.308935165405273,0.7362132668495178
GIK13238-1,bulloides,14.15,-17.87,-1.09,27.927074909210205,23.308935165405273,0.7618502378463745
GIK13238-1,ruberwhite,14.15,-17.87,-2.49,27.927074909210205,23.308935165405273,0.7618502378463745
GIK13273-1,bulloides,18.77,-16.89,-0.2,17.789736938476562,21.02352523803711,0.8308805227279663
GIK13273-1,ruberwhite,18.77,-16.89,-1.62,17.789736938476562,21.02352523803711,0.8308805227279663
GIK13275-1,bulloides,18.75,-16.83,-0.09,17.789736938476562,21.02352523803711,0.8308805227279663
GIK13275-1,ruberwhite,18.75,-16.83,-1.92,17.789736938476562,21.02352523803711,0.8308805227279663
GIK13279-3,bulloides,18.75,-16.83,-0.13,17.789736938476562,21.02352523803711,0.8308805227279663
GIK13279-3,ruberwhite,18.75,-16.83,-1.35,17.789736938476562,21.02352523803711,0.8308805227279663
GIK13280-1,bulloides,18.73,-16.96,0.14,17.789736938476562,21.02352523803711,0.8308805227279663
GIK13282-1,bulloides,18.84,-18.77,0.15,19.882260894775392,22.400657653808594,0.8533844947814941
GIK13282-1,ruberwhite,18.84,-18.77,-1.55,19.882260894775392,22.400657653808594,0.8533844947814941
GIK13283-2,bulloides,18.88,-16.74,-0.16,17.789736938476562,21.02352523803711,0.8308805227279663
GIK13283-2,ruberwhite,18.88,-16.74,-1.92,17.789736938476562,21.02352523803711,0.8308805227279663
GIK13290-1,bulloides,18.05,-18.07,-0.78,19.882260894775392,22.400657653808594,0.8533844947814941
GIK13290-1,ruberwhite,18.05,-18.07,-1.61,19.882260894775392,22.400657653808594,0.8533844947814941
GIK13291-1,ruberwhite,18.12,-18.08,-1.5,,22.400657653808594,0.8533844947814941
GIK13329-2,bulloides,19.37,-19.93,-0.62,19.80011329650879,21.656415939331055,0.9122494459152222
GIK13526-4,bulloides,21.0,-17.62,-0.39,17.35856513977051,18.429109573364258,1.0033361911773682
GIK13526-4,ruberwhite,21.0,-17.62,-1.57,17.35856513977051,18.429109573364258,1.0033361911773682
GIK13527-1,bulloides,20.99,-17.66,0.11,17.25655326843262,18.520614624023438,0.9435458183288574
GIK13527-1,ruberwhite,20.99,-17.66,-1.57,17.25655326843262,18.520614624023438,0.9435458183288574
GIK13528-2,bulloides,20.99,-17.68,-0.35,17.25655326843262,18.520614624023438,0.9435458183288574
GIK13528-2,ruberwhite,20.99,-17.68,-1.18,17.25655326843262,18.520614624023438,0.9435458183288574
GIK13529-1,bulloides,20.99,-17.7,-0.2,17.25655326843262,18.520614624023438,0.9435458183288574
GIK13529-1,ruberwhite,20.99,-17.7,-1.11,17.25655326843262,18.520614624023438,0.9435458183288574
GIK13530-1,bulloides,21.0,-17.73,-0.32,17.35856513977051,18.429109573364258,1.0033361911773682
GIK13530-1,ruberwhite,21.0,-17.73,-1.3,17.35856513977051,18.429109573364258,1.0033361911773682
GIK13532-2,bulloides,20.98,-17.88,-0.68,17.25655326843262,18.520614624023438,0.9435458183288574
GIK13532-2,ruberwhite,20.98,-17.88,-1.86,17.25655326843262,18.520614624023438,0.9435458183288574
GIK13533-1,bulloides,20.99,-18.03,0.25,18.62398452758789,20.136981964111328,0.9552996158599854
GIK13533-1,ruberwhite,20.99,-18.03,-1.48,18.62398452758789,20.136981964111328,0.9552996158599854
GIK13534-1,bulloides,21.02,-17.88,-0.15,17.35856513977051,18.429109573364258,1.0033361911773682
GIK13536-2,bulloides,21.0,-17.58,-0.42,17.35856513977051,18.429109573364258,1.0033361911773682
GIK13557-1,bulloides,19.75,-17.12,-0.01,17.83379135131836,20.0507755279541,0.8879484534263611
GIK13583-1,bulloides,19.71,-17.11,-0.36,17.83379135131836,20.0507755279541,0.8879484534263611
GIK13583-1,ruberwhite,19.71,-17.11,-1.54,17.83379135131836,20.0507755279541,0.8879484534263611
GIK13584-2,bulloides,19.7,-17.14,-0.12,17.83379135131836,20.0507755279541,0.8879484534263611
GIK13584-2,ruberwhite,19.7,-17.14,-1.59,17.83379135131836,20.0507755279541,0.8879484534263611
GIK13585-1,bulloides,19.69,-17.15,-0.11,17.83379135131836,20.0507755279541,0.8879484534263611
GIK13585-1,ruberwhite,19.69,-17.15,-1.43,17.83379135131836,20.0507755279541,0.8879484534263611
GIK13586-1,bulloides,19.68,-17.2,-0.31,17.83379135131836,20.0507755279541,0.8879484534263611
GIK13586-1,ruberwhite,19.68,-17.2,-1.33,17.83379135131836,20.0507755279541,0.8879484534263611
GIK13587-1,bulloides,19.65,-17.23,-0.38,17.83379135131836,20.0507755279541,0.8879484534263611
GIK13587-1,ruberwhite,19.65,-17.23,-1.6,17.83379135131836,20.0507755279541,0.8879484534263611
GIK13588-2,bulloides,19.62,-17.25,-0.46,17.83379135131836,20.0507755279541,0.8879484534263611
GIK13588-2,ruberwhite,19.62,-17.25,-1.85,17.83379135131836,20.0507755279541,0.8879484534263611
GIK15626-1,bulloides,29.22,-12.84,-0.22,18.13439178466797,19.47287368774414,1.1041303873062134
GIK15627-2,bulloides,29.17,-12.09,-0.68,18.13439178466797,19.47287368774414,1.1041303873062134
GIK15627-2,ruberwhite,29.17,-12.09,-0.69,18.13439178466797,19.47287368774414,1.1041303873062134
GIK15628-4,bulloides,29.08,-11.98,-0.16,17.865480041503908,19.16700553894043,1.09347665309906
GIK15628-4,ruberwhite,29.08,-11.98,-0.46,17.865480041503908,19.16700553894043,1.09347665309906
GIK15629-1,bulloides,29.06,-11.95,-0.45,17.865480041503908,19.16700553894043,1.09347665309906
GIK15629-1,ruberwhite,29.06,-11.95,-0.59,17.865480041503908,19.16700553894043,1.09347665309906
GIK15630-1,bulloides,29.04,-11.92,-0.43,17.865480041503908,19.16700553894043,1.09347665309906
GIK15630-1,ruberwhite,29.04,-11.92,-0.5,17.865480041503908,19.16700553894043,1.09347665309906
GIK15631-1,bulloides,29.02,-11.9,-0.51,17.865480041503908,19.16700553894043,1.09347665309906
GIK15631-1,ruberwhite,29.02,-11.9,-0.48,17.865480041503908,19.16700553894043,1.09347665309906
GIK15632-1,bulloides,28.91,-11.7,-0.49,17.865480041503908,19.16700553894043,1.09347665309906
GIK15632-1,ruberwhite,28.91,-11.7,-0.49,17.865480041503908,19.16700553894043,1.09347665309906
GIK15634-1,bulloides,28.26,-13.4,-0.28,17.967996215820314,18.677396774291992,1.1157982349395752
GIK15634-1,ruberwhite,28.26,-13.4,-0.5,17.967996215820314,18.677396774291992,1.1157982349395752
GIK15635-2,bulloides,27.2,-14.66,-0.86,18.603564453125,19.78239631652832,1.1291990280151367
GIK15635-2,ruberwhite,27.2,-14.66,-0.82,18.603564453125,19.78239631652832,1.1291990280151367
GIK15638-2,bulloides,32.21,-10.45,-0.73,17.304186630249024,19.325912475585938,1.066870927810669
GIK15638-2,ruberwhite,32.21,-10.45,-0.65,17.304186630249024,19.325912475585938,1.066870927810669
GIK15639-1,bulloides,32.49,-10.11,-0.45,17.304186630249024,19.325912475585938,1.066870927810669
GIK15639-1,ruberwhite,32.49,-10.11,-0.42,17.304186630249024,19.325912475585938,1.066870927810669
GIK15640-1,bulloides,32.45,-9.96,-0.66,17.299729919433595,18.628250122070312,1.066870927810669
GIK15640-1,ruberwhite,32.45,-9.96,-0.48,17.299729919433595,18.628250122070312,1.066870927810669
GIK15641-2,bulloides,32.43,-9.87,-0.4,17.299729919433595,18.628250122070312,1.066870927810669
GIK15641-2,ruberwhite,32.43,-9.87,-0.47,17.299729919433595,18.628250122070312,1.066870927810669
GIK15642-1,bulloides,32.41,-9.85,-0.4,17.299729919433595,18.628250122070312,1.066870927810669
GIK15642-1,ruberwhite,32.41,-9.85,-0.53,17.299729919433595,18.628250122070312,1.066870927810669
GIK15643-1,bulloides,32.4,-9.82,-0.81,17.299729919433595,18.628250122070312,1.066870927810669
GIK15643-1,ruberwhite,32.4,-9.82,-0.37,17.299729919433595,18.628250122070312,1.066870927810669
GIK15644-1,bulloides,32.4,-9.81,-0.65,17.299729919433595,18.628250122070312,1.066870927810669
GIK15644-1,ruberwhite,32.4,-9.81,-0.73,17.299729919433595,18.628250122070312,1.066870927810669
GIK15645-1,bulloides,32.39,-9.8,-0.59,17.299729919433595,18.628250122070312,1.066870927810669
GIK15645-1,ruberwhite,32.39,-9.8,-0.26,17.299729919433595,18.628250122070312,1.066870927810669
GIK15646-1,bulloides,32.38,-9.78,-0.39,17.299729919433595,18.628250122070312,1.066870927810669
GIK15646-1,ruberwhite,32.38,-9.78,-0.28,17.299729919433595,18.628250122070312,1.066870927810669
GIK15647-1,bulloides,32.38,-9.77,-0.54,17.299729919433595,18.628250122070312,1.066870927810669
GIK15647-1,ruberwhite,32.38,-9.77,-0.54,17.299729919433595,18.628250122070312,1.066870927810669
GIK15648-1,bulloides,32.37,-9.65,-0.25,17.299729919433595,18.628250122070312,1.066870927810669
GIK15648-1,ruberwhite,32.37,-9.65,-0.47,17.299729919433595,18.628250122070312,1.066870927810669
GIK15651-4,ruberwhite,33.19,-9.83,-0.77,,19.455984115600586,1.0425304174423218
GIK15652-2,bulloides,34.87,-6.58,0.05,16.55027656555176,18.674638748168945,0.9087281823158264
GIK15652-2,ruberwhite,34.87,-6.58,-0.47,16.55027656555176,18.674638748168945,0.9087281823158264
GIK15654-1,bulloides,34.87,-6.63,-0.17,16.55027656555176,18.674638748168945,0.9087281823158264
GIK15654-1,ruberwhite,34.87,-6.63,-0.46,16.55027656555176,18.674638748168945,0.9087281823158264
GIK15657-1,bulloides,34.89,-6.67,0.18,16.55027656555176,18.674638748168945,0.9087281823158264
GIK15657-1,ruberwhite,34.89,-6.67,-0.44,16.55027656555176,18.674638748168945,0.9087281823158264
GIK15658-1,bulloides,34.89,-6.7,0.13,16.55027656555176,18.674638748168945,0.9087281823158264
GIK15658-1,ruberwhite,34.89,-6.7,-0.62,16.55027656555176,18.674638748168945,0.9087281823158264
GIK15659-1,ruberwhite,34.89,-6.84,-0.62,,19.506147384643555,1.0162400007247925
GIK15660-1,ruberwhite,34.9,-6.79,-0.54,,18.674638748168945,0.9087281823158264
GIK15663-1,bulloides,34.92,-6.85,0.02,16.55027656555176,18.674638748168945,0.9087281823158264
GIK15663-1,ruberwhite,34.92,-6.85,-0.67,16.55027656555176,18.674638748168945,0.9087281823158264
GIK15663-2,ruberwhite,34.92,-6.845,-0.67,,18.674638748168945,0.9087281823158264
GIK15664-1,bulloides,34.93,-6.93,0.13,17.09891128540039,19.506147384643555,1.0162400007247925
GIK15664-1,ruberwhite,34.93,-6.93,-0.43,17.09891128540039,19.506147384643555,1.0162400007247925
GIK15666-9,ruberwhite,34.96,-7.119,-0.55,,19.506147384643555,1.0162400007247925
GIK15667-1,ruberwhite,34.99,-7.28,-0.68,,19.506147384643555,1.0162400007247925
GIK15669-2,bulloides,34.89,-7.82,0.24,17.09891128540039,19.506147384643555,1.0162400007247925
GIK15669-2,ruberwhite,34.89,-7.815,-0.55,17.09891128540039,19.506147384643555,1.0162400007247925
GIK15670-1,bulloides,34.91,-7.58,-0.04,17.09891128540039,19.506147384643555,1.0162400007247925
GIK15670-1,ruberwhite,34.91,-7.58,-0.54,17.09891128540039,19.506147384643555,1.0162400007247925
GIK15672-2,ruberwhite,34.86,-8.13,-0.54,,19.565231323242188,1.0234376192092896
GIK15673-2,ruberwhite,34.8,-8.4,-0.77,,19.565231323242188,1.0234376192092896
GIK15676-2,ruberwhite,34.76,-8.85,-0.61,,19.565231323242188,1.0234376192092896
GIK15677-1,ruberwhite,34.1,-10.83,-0.6,,19.132509231567383,1.0372302532196045
GIK15678-1,bulloides,33.47,-12.76,-0.06,17.558102416992188,19.355215072631836,1.0772725343704224
GIK15678-1,ruberwhite,33.47,-12.76,-0.43,17.558102416992188,19.355215072631836,1.0772725343704224
GIK16004-1,ruberwhite,29.98,-10.65,-0.19,,18.552879333496094,1.0822019577026367
GIK16006-1,ruberwhite,29.25,-11.5,-0.03,,19.16700553894043,1.09347665309906
GIK16012-3,bulloides,25.4,-16.25,-0.21,19.202408599853516,20.28325843811035,1.1454719305038452
GIK16012-3,ruberwhite,25.4,-16.25,-0.32,19.202408599853516,20.28325843811035,1.1454719305038452
GIK16030-1,ruberwhite,21.24,-18.06,-1.15,,20.006486892700195,1.0137790441513062
GIK16402-1,ruberwhite,14.42,-20.567,-1.0,,24.634706497192383,0.7816615104675293
GIK16457-1,ruberwhite,5.39,-21.72,-1.66,,27.931852340698242,0.7222766280174255
GIK16772-1,ruberwhite,-1.34,-11.97,-1.49,,25.85541343688965,0.7467630505561829
GIK16773-1,ruberwhite,-0.97,-9.44,-1.31,,25.73859977722168,0.7169950008392334
GIK16846-1,ruberwhite,5.36,1.287,-2.05,,26.728368759155273,0.5744089484214783
GIK16855-1?,ruberwhite,5.7635000000000005,3.693,-2.085,,27.979825973510742,0.5131427049636841
GIK16862-1,ruberwhite,3.547,6.487,-2.72,,27.895828247070312,0.35036107897758484
GIK16864-1,ruberwhite,3.15,6.285,-2.18,,27.895828247070312,0.35036107897758484
GIK16865-1,ruberwhite,2.67,6.055,-1.94,,27.792495727539062,0.3668898046016693
GIK16866-1,ruberwhite,2.002,5.718,-2.11,,27.85747528076172,0.40939685702323914
GIK16867-1,ruberwhite,-2.2,5.1,-1.45,,26.214651107788086,0.5864265561103821
GIK16869-1,ruberwhite,-0.21,6.01,-1.71,,26.88665008544922,0.4711313545703888
GIK16870-1,ruberwhite,0.21,5.97,-1.08,,27.2867374420166,0.45846930146217346
GIK16871-1,ruberwhite,-0.73,6.935,-0.73,,26.88665008544922,0.4711313545703888
GIK16872-1,ruberwhite,-0.35,8.04,-1.77,,26.769506454467773,0.4287927448749542
GIK23000-2,bulloides,66.8972,8.0423,1.69,6.662893390655517,8.489375114440918,0.1901005506515503
GIK23027-1,bulloides,66.5443,6.6922,1.76,7.322362995147705,8.808457374572754,0.2929205000400543
GIK23037-1,bulloides,65.5117,-0.1167,2.21,5.1383030891418455,7.072811126708984,0.3940959572792053
GIK23055-1,bulloides,68.4205,4.0088,1.97,5.879096603393554,7.431515216827393,0.39057043194770813
GIK23060-2b,bulloides,70.0002,-2.9938,2.1,3.5126520156860352,5.2663984298706055,0.2690660059452057
GIK23062-2,bulloides,68.728,0.1562,2.18,5.382346439361572,7.0587382316589355,0.3754778802394867
GIK23065-1,bulloides,68.5005,0.8323,2.11,5.382346439361572,7.0587382316589355,0.3754778802394867
GIK23066-1,bulloides,68.2405,1.0018,2.34,5.091219139099121,6.985568523406982,0.38509854674339294
GIK23068-1,bulloides,67.833,1.502,2.23,6.088567066192627,7.712984085083008,0.39600974321365356
GIK23071-1,bulloides,67.0847,2.9083,2.15,6.1871668815612795,7.746476650238037,0.3974965214729309
GIK23074-3,bulloides,66.7667,4.9167,2.23,6.846422100067139,8.336350440979004,0.3546005189418793
GIK23138-1,bulloides,71.0965,15.2812,2.21,5.645713520050049,6.915539264678955,0.2416583150625229
GIK23144-1,bulloides,70.9912,16.4015,1.98,5.559139728546143,7.134265899658203,0.20669934153556824
GIK23239-1,bulloides,67.4968,8.3577,2.03,6.679672050476074,8.335158348083496,0.2316969782114029
GIK23312-2,bulloides,66.935,7.7383,1.79,6.975388526916504,8.617048263549805,0.24619077146053314
GIK23414-6,bulloides,53.5367,-20.29,0.86,10.351679801940918,11.892971992492676,0.4599928855895996
GIK23415-8,bulloides,53.1783,-19.145,1.02,10.449404907226562,12.064682006835938,0.4744543433189392
GIK23416-5,bulloides,51.5683,-20.0,1.09,10.75148868560791,12.544453620910645,0.5119954943656921
GIK23418-5,bulloides,52.55,-20.3333,0.64,10.344815444946288,11.9061861038208,0.4773448705673218
GIK23424-3,bulloides,70.035,-0.065,2.38,3.6936851739883423,5.485769748687744,0.3000507056713104
GIK23517-3,bulloides,64.694,-29.085,1.83,6.50877275466919,7.685089588165283,-0.031654320657253265
GIK23518-2,bulloides,64.543,-28.203,1.75,6.608495903015137,7.828098297119141,0.02924380637705326
GIK23519-4,bulloides,64.8,-29.597,1.8,6.50877275466919,7.685089588165283,-0.031654320657253265
GIK23522-2,bulloides,63.762,-28.659,1.68,6.534743595123291,7.917665481567383,0.16476039588451385
GIK23523-3,bulloides,62.2505,-30.2207,1.95,6.107467555999756,7.501013278961182,0.20827920734882355
GIK23524-2,bulloides,63.004,-29.905,1.84,6.533373832702637,7.855679035186768,0.13089166581630707
GIK23525-3,bulloides,63.2498,-27.5965,1.93,6.796187019348144,8.058289527893066,0.2127852439880371
GIK23526-3,bulloides,63.3993,-28.0635,1.85,6.534743595123291,7.917665481567383,0.16476039588451385
GIK23527-3,bulloides,62.7887,-29.8863,1.82,6.659603881835937,7.877218723297119,0.2191952019929886
GIK23528-3,bulloides,63.164,-28.8415,1.8,6.534743595123291,7.917665481567383,0.16476039588451385
GIK23536-1,bulloides,63.737,-25.738,1.93,6.542417812347412,7.913711071014404,0.29245948791503906
GIK23537-1,bulloides,62.0492,-2.5076,1.66,6.547083187103271,8.240777015686035,0.4102822244167328
GIK23538-1,bulloides,62.0065,-2.1736,1.67,6.547083187103271,8.240777015686035,0.4102822244167328
GIK23541-1,bulloides,67.617,5.7653,1.92,6.274140071868897,7.91500997543335,0.3582559823989868
GIK23542-1,bulloides,67.6785,7.0753,2.26,6.4945169448852536,8.065396308898926,0.28390395641326904
GIK23543-1,bulloides,67.578,7.2162,2.26,6.4945169448852536,8.065396308898926,0.28390395641326904
GIK23545-1,bulloides,67.3525,8.3065,2.18,6.679672050476074,8.335158348083496,0.2316969782114029
GIK32516-3,bulloides,65.033,-28.283,1.81,5.624110698699951,6.080406188964844,-0.1632288545370102
GeoB1008-3,bulloides,-6.5823,10.3186,-1.3,23.850415229797363,25.94816017150879,0.5688601136207581
GeoB1023-5,bulloides,-17.1572,11.0117,0.043000000000000003,14.896754026412964,16.59981346130371,0.7274574041366577
GeoB1028-4,sacculifer,-20.099,9.178,-0.275,18.959163665771484,18.959163665771484,0.6144129037857056
GeoB1721-5,ruberwhite,-29.173,13.09,-0.6666666666666666,15.880802154541016,18.105091094970703,0.4728974997997284
GeoB1721-5,sacculifer,-29.173,13.09,-0.15500000000000003,15.880802154541016,18.105091094970703,0.4728974997997284
GeoB2107-3,ruberwhite,-27.177,-46.452,-0.7281667095422747,,23.67217445373535,0.8720194697380066
GeoB2109-1,ruberwhite,-27.911,-45.881,-1.12592959403992,21.37993335723877,23.54500389099121,0.9149347543716431
GeoB2109-1,sacculifer,-27.911,-45.881,-0.782308220863342,21.37993335723877,23.54500389099121,0.9149347543716431
GeoB3104-1,sacculifer,-3.67,-37.7167,-1.3119999999999998,27.276132583618164,27.276132583618164,0.8141841888427734
GeoB3117-1,sacculifer,-4.295,-37.0917,-1.585,27.24293327331543,27.24293327331543,0.8221939206123352
GeoB3176-1,sacculifer,-7.0117,-34.4417,-1.4541666666666668,27.379003524780273,27.379003524780273,0.8438159823417664
GeoB3202-1,sacculifer,-21.6167,-39.9783,-0.89,25.494855880737305,25.494855880737305,1.1593528985977173
GeoB3301-2,bulloides,-33.15,-71.98,2.64,13.2711763381958,14.74853515625,-0.07348690927028656
GeoB3301-2,pachyderma,-33.15,-71.98,0.08,13.2711763381958,14.74853515625,-0.07348690927028656
GeoB3302-2,bulloides,-33.22,-72.09,2.15,13.2711763381958,14.74853515625,-0.07348690927028656
GeoB3302-2,pachyderma,-33.22,-72.09,0.72,13.2711763381958,14.74853515625,-0.07348690927028656
GeoB3303-1,bulloides,-33.21,-72.18,2.92,13.2711763381958,14.74853515625,-0.07348690927028656
GeoB3303-1,pachyderma,-33.21,-72.18,0.54,13.2711763381958,14.74853515625,-0.07348690927028656
GeoB3304-3,pachyderma,-32.89,-72.19,0.01,,15.125076293945312,-0.04116593673825264
GeoB3305-2,bulloides,-32.85,-72.42,-0.08,13.531323909759521,15.125076293945312,-0.04116593673825264
GeoB3305-2,pachyderma,-32.85,-72.42,0.08,13.531323909759521,15.125076293945312,-0.04116593673825264
GeoB3308-3,bulloides,-33.13,-73.75,0.24,13.884905576705933,15.367263793945312,-0.07362645119428635
GeoB3308-3,pachyderma,-33.13,-73.75,0.64,13.884905576705933,15.367263793945312,-0.07362645119428635
GeoB3312-2,pachyderma,-41.01,-74.34,0.47,,13.01341724395752,-0.36475029587745667
GeoB3313-3,pachyderma,-41.0,-74.45,0.28,,13.01341724395752,-0.36475029587745667
GeoB3314-2,bulloides,-41.6,-74.98,1.85,11.091197490692139,13.01341724395752,-0.36475029587745667
GeoB3314-2,pachyderma,-41.6,-74.98,0.71,11.091197490692139,13.01341724395752,-0.36475029587745667
GeoB3316-1,bulloides,-41.94,-75.21,0.58,11.815687497456869,13.488661766052246,-0.3392544686794281
GeoB3316-1,pachyderma,-41.94,-75.21,0.75,11.815687497456869,13.488661766052246,-0.3392544686794281
GeoB3317-6,bulloides,-42.01,-75.3,1.81,10.6020294825236,13.051974296569824,-0.37103813886642456
GeoB3317-6,pachyderma,-42.01,-75.3,0.75,10.6020294825236,13.051974296569824,-0.37103813886642456
GeoB3318-2,bulloides,-42.04,-75.32,0.75,10.6020294825236,13.051974296569824,-0.37103813886642456
GeoB3318-2,pachyderma,-42.04,-75.32,0.17,10.6020294825236,13.051974296569824,-0.37103813886642456
GeoB3323-6,bulloides,-43.22,-75.95,1.26,10.254778146743774,12.183199882507324,-0.3998914361000061
GeoB3323-6,pachyderma,-43.22,-75.95,0.14,10.254778146743774,12.183199882507324,-0.3998914361000061
GeoB3326-1,bulloides,-43.23,-79.0,1.84,8.838805198669434,11.906497955322266,-0.29258468747138977
GeoB3326-1,pachyderma,-43.23,-79.0,0.76,8.838805198669434,11.906497955322266,-0.29258468747138977
GeoB3327-6,bulloides,-43.24,-79.99,2.04,10.153300285339355,12.451301574707031,-0.2514118254184723
GeoB3327-6,pachyderma,-43.24,-79.99,0.69,10.153300285339355,12.451301574707031,-0.2514118254184723
GeoB3349-4,bulloides,-35.25,-73.42,1.48,12.633703708648682,13.891494750976562,-0.14259202778339386
GeoB3349-4,pachyderma,-35.25,-73.42,0.71,12.633703708648682,13.891494750976562,-0.14259202778339386
GeoB3352-1,pachyderma,-35.22,-73.32,0.57,,13.891494750976562,-0.14259202778339386
GeoB3353-1,pachyderma,-35.25,-73.58,0.37,,13.891494750976562,-0.14259202778339386
GeoB3354-1,bulloides,-35.22,-73.49,-0.31,12.633703708648682,13.891494750976562,-0.14259202778339386
GeoB3354-1,pachyderma,-35.22,-73.49,0.49,12.633703708648682,13.891494750976562,-0.14259202778339386
GeoB3355-4,pachyderma,-35.22,-73.12,0.49,,13.891494750976562,-0.14259202778339386
GeoB3357-1,bulloides,-35.28,-73.22,0.0,12.633703708648682,13.891494750976562,-0.14259202778339386
GeoB3357-1,pachyderma,-35.28,-73.22,0.59,12.633703708648682,13.891494750976562,-0.14259202778339386
GeoB3359-1,bulloides,-35.22,-72.81,-0.52,12.633703708648682,13.891494750976562,-0.14259202778339386
GeoB3365-1,bulloides,-32.29,-72.27,-0.54,13.531323909759521,15.125076293945312,-0.04116593673825264
GeoB3365-1,pachyderma,-32.29,-72.27,0.05,13.531323909759521,15.125076293945312,-0.04116593673825264
GeoB3368-4,bulloides,-30.36,-71.96,-0.24,13.814956188201904,15.422270774841309,0.02816939353942871
GeoB3368-4,pachyderma,-30.36,-71.96,0.52,13.814956188201904,15.422270774841309,0.02816939353942871
GeoB3371-1,bulloides,-30.36,-72.02,-0.38,13.814956188201904,15.422270774841309,0.02816939353942871
GeoB3371-1,pachyderma,-30.36,-72.02,0.08,13.814956188201904,15.422270774841309,0.02816939353942871
GeoB3372-4,pachyderma,-29.94,-73.29,0.03,,16.18865394592285,0.06451944261789322
GeoB3373-1,bulloides,-27.5,-71.21,-0.34,14.62853717803955,16.070642471313477,0.1436951458454132
GeoB3373-1,pachyderma,-27.5,-71.21,0.51,14.62853717803955,16.070642471313477,0.1436951458454132
GeoB3374-1,bulloides,-27.47,-71.17,0.04,14.62853717803955,16.070642471313477,0.1436951458454132
GeoB3374-1,pachyderma,-27.47,-71.17,0.65,14.62853717803955,16.070642471313477,0.1436951458454132
GeoB3375-2,bulloides,-27.47,-71.25,-0.71,14.62853717803955,16.070642471313477,0.1436951458454132
GeoB3375-2,pachyderma,-27.47,-71.25,-0.45,14.62853717803955,16.070642471313477,0.1436951458454132
GeoB3376-2,bulloides,-27.47,-71.36,-0.2,14.62853717803955,16.070642471313477,0.1436951458454132
GeoB3376-2,pachyderma,-27.47,-71.36,0.1,14.62853717803955,16.070642471313477,0.1436951458454132
GeoB3377-1,bulloides,-27.47,-71.53,-0.2,14.62853717803955,16.070642471313477,0.1436951458454132
GeoB3377-1,pachyderma,-27.47,-71.53,0.48,14.62853717803955,16.070642471313477,0.1436951458454132
GeoB3378-2,bulloides,-27.5,-71.5,-0.5,14.62853717803955,16.070642471313477,0.1436951458454132
GeoB3378-2,pachyderma,-27.5,-71.5,0.66,14.62853717803955,16.070642471313477,0.1436951458454132
GeoB3387-3,bulloides,-25.63,-75.53,0.15,16.24229335784912,18.286935806274414,0.22114220261573792
GeoB3388-2,bulloides,-25.22,-75.53,1.2,16.24229335784912,18.286935806274414,0.22114220261573792
GeoB3722-2,bulloides,-25.25,12.0217,0.09,15.755880355834961,17.27670669555664,0.4464278519153595
GeoB3910-2,sacculifer,-4.245,-36.345,-1.5228774928774924,27.24293327331543,27.24293327331543,0.8221939206123352
GeoB4223-2,bulloides,29.0167,-12.4667,-0.015000000000000001,18.13439178466797,19.47287368774414,1.1041303873062134
GeoB4240-2,bulloides,28.8883,-13.225,-0.4425,18.271507263183594,19.90660285949707,1.1157982349395752
GeoB4241-11,bulloides,29.1667,-15.4517,0.56,18.548311233520508,20.27802848815918,1.1382532119750977
HM 49-08,bulloides,63.06,0.79,1.4,6.980014133453369,8.590819358825684,0.36279621720314026
HM 49-08,pachyderma,63.06,0.79,1.32,6.980014133453369,8.590819358825684,0.36279621720314026
HM 49-13,bulloides,65.39,-4.74,1.9,4.053589391708374,6.082881450653076,0.3548789322376251
HM 49-13,pachyderma,65.39,-4.74,1.68,4.053589391708374,6.082881450653076,0.3548789322376251
HM 49-14,bulloides,65.42,-3.23,1.9,4.1458429336547855,6.302291393280029,0.36854442954063416
HM 49-14,pachyderma,65.42,-3.23,1.48,4.1458429336547855,6.302291393280029,0.36854442954063416
HM 49-15,bulloides,66.34,-0.36,1.8,5.170229911804199,7.124666690826416,0.390330970287323
HM 49-15,pachyderma,66.34,-0.36,1.54,5.170229911804199,7.124666690826416,0.390330970287323
HM 49-18,bulloides,66.61,1.55,1.8,6.539315986633301,8.256572723388672,0.3944609761238098
HM 49-18,pachyderma,66.61,1.55,1.48,6.539315986633301,8.256572723388672,0.3944609761238098
HM 49-20,bulloides,66.61,2.66,1.8,6.701238059997559,8.31248950958252,0.3881097733974457
HM 49-20,pachyderma,66.61,2.66,1.42,6.701238059997559,8.31248950958252,0.3881097733974457
HM 49-39,bulloides,63.46,3.04,1.4,7.638058662414551,9.378233909606934,0.24975982308387756
HM 49-39,pachyderma,63.46,3.04,1.11,7.638058662414551,9.378233909606934,0.24975982308387756
HM 49-50,pachyderma,62.47,4.46,1.26,,9.250845909118652,0.1522127389907837
HM16130,bulloides,65.1,-2.42,1.6,4.360916662216186,6.518600940704346,0.3809415102005005
HM16130,pachyderma,65.1,-2.42,1.3,4.360916662216186,6.518600940704346,0.3809415102005005
HM16132,bulloides,64.57,-0.72,1.5,5.5184942245483395,7.608204364776611,0.3925558030605316
HM16132,pachyderma,64.57,-0.72,1.27,5.5184942245483395,7.608204364776611,0.3925558030605316
HM16136,bulloides,64.01,-0.73,1.6,5.5184942245483395,7.608204364776611,0.3925558030605316
HM16136,pachyderma,64.01,-0.73,1.35,5.5184942245483395,7.608204364776611,0.3925558030605316
HM16141,bulloides,63.76,1.39,1.5,7.200095272064209,8.944085121154785,0.3279974162578583
HM16141,pachyderma,63.76,1.39,1.33,7.200095272064209,8.944085121154785,0.3279974162578583
HM16142,bulloides,63.25,2.6,1.3,7.487949275970459,9.200986862182617,0.2890024483203888
HM16142,pachyderma,63.25,2.6,1.28,7.487949275970459,9.200986862182617,0.2890024483203888
HM16144,bulloides,63.08,2.99,1.3,7.487949275970459,9.200986862182617,0.2890024483203888
HM16144,pachyderma,63.08,2.99,1.15,7.487949275970459,9.200986862182617,0.2890024483203888
HM49-43,bulloides,62.78,3.9,1.3,7.197237586975097,9.33477783203125,0.19717685878276825
HM49-43,pachyderma,62.78,3.9,1.05,7.197237586975097,9.33477783203125,0.19717685878276825
HM52-04,bulloides,61.36,-3.21,1.2,7.66036205291748,9.058192253112793,0.4232507348060608
HM52-04,pachyderma,61.36,-3.21,1.28,7.66036205291748,9.058192253112793,0.4232507348060608
HM52-09,bulloides,60.1,-7.14,1.3,8.536572265625,9.598191261291504,0.42580825090408325
HM52-09,pachyderma,60.1,-7.14,1.27,8.536572265625,9.598191261291504,0.42580825090408325
HM52-13,bulloides,59.67,-9.3,1.3,8.821334075927734,10.212031364440918,0.43272829055786133
HM52-13,pachyderma,59.67,-9.3,1.23,8.821334075927734,10.212031364440918,0.43272829055786133
HM52-14,bulloides,60.4,-12.42,1.4,8.410114097595216,9.693787574768066,0.421509712934494
HM52-14,pachyderma,60.4,-12.42,1.35,8.410114097595216,9.693787574768066,0.421509712934494
HM52-15,bulloides,61.63,-16.5,1.6,8.39470796585083,9.766753196716309,0.4029079079627991
HM52-15,pachyderma,61.63,-16.5,1.29,8.39470796585083,9.766753196716309,0.4029079079627991
HM52-20,bulloides,63.05,-13.84,1.6,7.636732769012451,8.644389152526855,0.33591386675834656
HM52-20,pachyderma,63.05,-13.84,1.28,7.636732769012451,8.644389152526855,0.33591386675834656
HM52-24,bulloides,63.35,-13.31,1.5,7.636732769012451,8.644389152526855,0.33591386675834656
HM52-24,pachyderma,63.35,-13.31,1.3,7.636732769012451,8.644389152526855,0.33591386675834656
HM52-28,bulloides,64.0,-12.1,1.7,5.133743000030518,6.025883197784424,0.28556904196739197
HM52-28,pachyderma,64.0,-12.1,1.4,5.133743000030518,6.025883197784424,0.28556904196739197
HM52-34,pachyderma,65.35,-8.29,3.3,,3.9869651794433594,0.29176589846611023
HM52-38,bulloides,65.51,-7.18,2.5,1.9460373640060424,4.283332347869873,0.31119537353515625
HM52-38,pachyderma,65.51,-7.18,3.2,1.9460373640060424,4.283332347869873,0.31119537353515625
HM57-04,pachyderma,68.53,-10.67,3.6,,2.4754891395568848,0.15185195207595825
HM57-08,pachyderma,68.17,-11.54,3.6,,1.9716659784317017,0.12859788537025452
HM57-13,bulloides,67.04,-6.59,2.5,2.9708143711090087,4.825806140899658,0.2838533818721771
HM57-13,pachyderma,67.04,-6.59,2.7,2.9708143711090087,4.825806140899658,0.2838533818721771
HM57-14,bulloides,67.0,-6.21,2.4,2.9708143711090087,4.825806140899658,0.2838533818721771
HM57-14,pachyderma,67.0,-6.21,2.3,2.9708143711090087,4.825806140899658,0.2838533818721771
HM58-02,bulloides,62.89,1.37,1.6,7.5446961402893065,9.151978492736816,0.2946374714374542
HM58-02,pachyderma,62.89,1.37,1.3,7.5446961402893065,9.151978492736816,0.2946374714374542
HM58-03,bulloides,62.89,1.38,1.6,7.5446961402893065,9.151978492736816,0.2946374714374542
HM58-03,pachyderma,62.89,1.38,1.4,7.5446961402893065,9.151978492736816,0.2946374714374542
HM79-6/4,pachyderma,62.97,2.7,1.425,,9.16108512878418,0.2451619952917099
HU73-031-7,ruberwhite,42.9783,-55.2483,-0.615,,12.71560287475586,-0.970013439655304
INMD2-72Bx6,ruberwhite,34.95,-21.67,0.65,,20.25806427001953,1.0770841836929321
INMD42Bx8,ruberwhite,28.57,-46.36,-0.4,,23.957250595092773,1.2038514614105225
INMD48BX.1,ruberwhite,29.31,-43.22,-0.48,,23.392431259155273,1.1890177726745605
INMD52P,ruberwhite,31.53,-37.87,-0.25,,22.580934524536133,1.185692548751831
INMD68BX.6,ruberwhite,34.81,-28.36,-0.27,,20.697235107421875,1.0339324474334717
IOW226920-3,bulloides,-22.45,12.36,0.0566416128873824,15.173144102096558,17.100088119506836,0.46416911482810974
Jm 97-948/2A & MD 95-2011,pachyderma,66.97,7.64,1.287657488,,8.617048263549805,0.24619077146053314
K-119,bulloides,50.42,167.73,2.1666667,2.7397569179534913,5.457217693328857,-0.6470322608947754
KET 80-19,bulloides,40.55,13.35,1.24,14.844354057312012,19.0118350982666,1.3439841270446777
KET 80-19,pachyderma,40.55,13.35,1.2,14.844354057312012,19.0118350982666,1.3439841270446777
KET 80-19,ruberwhite,40.55,13.35,0.7,14.844354057312012,19.0118350982666,1.3439841270446777
KET 82-16,bulloides,41.52,17.98,1.4300000000000002,13.989456176757812,18.10636329650879,1.4140937328338623
KET 82-16,ruberwhite,41.52,17.98,0.6799999999999999,13.989456176757812,18.10636329650879,1.4140937328338623
KET80-04,bulloides,39.67,13.57,1.39,14.791779136657714,19.274702072143555,1.3504923582077026
KET80-04,pachyderma,39.67,13.57,1.3,14.791779136657714,19.274702072143555,1.3504923582077026
KET80-04,ruberwhite,39.67,13.57,0.64,14.791779136657714,19.274702072143555,1.3504923582077026
KET80-11,bulloides,39.16,15.08,1.87,15.081528472900391,19.390411376953125,1.3983945846557617
KET80-11,pachyderma,39.16,15.08,1.4,15.081528472900391,19.390411376953125,1.3983945846557617
KET80-11,ruberwhite,39.16,15.08,0.62,15.081528472900391,19.390411376953125,1.3983945846557617
KET80-40,bulloides,36.79,11.82,0.97,15.29890308380127,19.19013786315918,1.2788442373275757
KET80-40,pachyderma,36.79,11.82,1.7,15.29890308380127,19.19013786315918,1.2788442373275757
KET80-40,ruberwhite,36.79,11.82,-0.05,15.29890308380127,19.19013786315918,1.2788442373275757
KNR 31 GPC-5,ruberwhite,33.69,-57.62,-0.15000000000000002,,22.270917892456055,1.0876065492630005
KR88-02,bulloides,-45.75,82.93,1.96,9.114749908447266,9.142901420593262,-0.18770742416381836
KR88-03,bulloides,-46.07,90.11,1.98,7.44190772374471,8.545194625854492,-0.24077656865119934
KR88-05,bulloides,-52.94,109.92,2.97,2.4574999809265137,3.0151195526123047,-0.32317039370536804
KR88-06,bulloides,-49.02,128.77,2.26,6.699999809265137,8.825762748718262,-0.2619308531284332
KR88-09,bulloides,-50.59,147.15,3.22,8.362489700317383,9.163126945495605,-0.2672727406024933
KR88-10,bulloides,-54.19,144.78,2.73,1.582565704981486,2.753079414367676,-0.33197832107543945
KS76-13,sacculifer,12.58,-63.05,-1.73,27.311357498168945,27.311357498168945,0.6935448050498962
M35006-5,ruberwhite,16.42,-62.455,-2.13,,27.239778518676758,0.7296225428581238
M35020-1,ruberwhite,17.93,-65.67,-2.49,,27.447189331054688,0.6972176432609558
M35025-1,ruberwhite,17.753,-67.008,-1.88,,27.432863235473633,0.697884738445282
M35031-2,ruberwhite,16.71,-78.633,-2.22,,27.8076229095459,0.837067723274231
M35033-1,ruberwhite,16.913,-79.018,-1.87,,27.666345596313477,0.8402566313743591
M35052-5,ruberwhite,16.57,-77.693,-2.32,,27.625762939453125,0.8321929574012756
M35053-3,ruberwhite,16.543,-76.868,-2.04,,27.5820255279541,0.8242834210395813
M35054-1,ruberwhite,16.535,-76.645,-2.24,,27.5820255279541,0.8242834210395813
M5/3a-422.2,ruberwhite,24.39,58.0417,-1.88,,27.61186408996582,0.6741192936897278
MD 77-176,ruberwhite,14.52,93.13,-3.12,,27.848039627075195,-0.07402470707893372
MD 77-191,ruberwhite,7.5,76.72,-2.585,,28.136648178100586,0.39995646476745605
MD 79-254,ruberwhite,-17.88,38.67,-1.98,,26.800933837890625,0.4309566915035248
MD 79-255,ruberwhite,-19.0,37.5,-2.0,,26.7730770111084,0.4347999095916748
MD 79-256,ruberwhite,-19.57,37.03,-2.18,,26.7730770111084,0.4347999095916748
MD 79-257,ruberwhite,-20.4,36.33,-1.9,,26.3988037109375,0.43789756298065186
MD 90-905,bulloides,37.74,-10.17,-0.216,15.955373191833496,17.86865997314453,0.9440039396286011
MD 95-2011,pachyderma,66.97,7.64,1.29,,8.617048263549805,0.24619077146053314
MD 95-2015,bulloides,58.76,-25.96,1.55,8.631889247894287,9.66833782196045,0.3552604019641876
MD 95-2037,bulloides,37.09,-32.03,0.17,17.12117919921875,19.71830940246582,0.9743372201919556
MD 98-2165,ruberwhite,-9.65,118.34,-2.66,,28.030305862426758,0.2636459469795227
MD 98-2192,ruberwhite,26.65,125.82,-2.24,,25.548776626586914,-0.026847263798117638
MD 99-2344,bulloides,41.1,4.84,1.12,13.350949096679688,17.190935134887695,1.2863472700119019
MD 99-2346,bulloides,42.04,4.15,1.32,13.359877586364746,16.771520614624023,1.3177658319473267
MD00-2358PC  ,ruberwhite,-12.28,112.71,-2.0,,28.14483070373535,0.30962520837783813
MD002359G ,ruberwhite,-9.22,114.72,-2.4421623193999995,,27.755022048950195,0.26007184386253357
MD002360,ruberwhite,-20.09,112.66,-1.7105350538,,25.490875244140625,0.4156769812107086
MD012377,ruberwhite,-12.05,121.1,-3.045,,28.570249557495117,0.33095818758010864
MD012378,ruberwhite,-13.07,121.12,-2.995,,28.53633689880371,0.3410831391811371
MD012386,ruberwhite,1.12,129.12,-2.62,,29.350425720214844,0.22239595651626587
MD012391,ruberwhite,8.03,110.0,-3.43,,27.990997314453125,0.1495635062456131
MD012394,sacculifer,13.78,110.25,-2.08,27.415298461914062,27.415298461914062,0.18518424034118652
MD012398,ruberwhite,23.15,124.07,-2.565,,26.21154022216797,0.08494545519351959
MD012404,ruberwhite,26.13,125.13,-2.355,,25.548776626586914,-0.026847263798117638
MD012419,bulloides,38.88,143.32,1.17,10.803818130493164,15.496753692626953,-0.28197285532951355
MD017379,ruberwhite,-12.05,121.75,-2.4,,28.570249557495117,0.33095818758010864
MD122-MC05,ruberwhite,0.81,134.48,-3.04,,29.161598205566406,0.2086130678653717
MD73-004,ruberwhite,-4.97,61.67,-1.54,28.2731990814209,28.2731990814209,0.4408979117870331
MD73-004,sacculifer,-4.97,61.67,-1.41,28.2731990814209,28.2731990814209,0.4408979117870331
MD76 125,ruberwhite,8.35,75.2,-2.63,,28.367630004882812,0.4093306064605713
MD76-123,ruberwhite,6.24,78.4,-2.14,,28.13983726501465,0.3704570233821869
MD76-127,ruberwhite,12.33,73.844,-2.16,,28.580108642578125,0.47588714957237244
MD76-128,ruberwhite,13.08,73.19,-2.18,,28.514503479003906,0.4947308301925659
MD76-135,ruberwhite,14.27,50.31,-1.89,,27.2399959564209,0.5668953061103821
MD76-136,ruberwhite,12.52,46.49,-1.82,,28.009971618652344,0.6553695797920227
MD77-169,ruberwhite,10.21,95.05,-3.28,,28.4325008392334,0.012505440972745419
MD77-171,ruberwhite,11.76,94.15,-3.1,,27.834474563598633,-0.009704727679491043
MD77-191,ruberwhite,7.3,76.43,-2.59,,28.136648178100586,0.39995646476745605
MD77-194,ruberwhite,10.47,75.23,-2.62,,28.471925735473633,0.41934308409690857
MD77-200,ruberwhite,16.33,67.54,-1.35,,27.81505012512207,0.6476311087608337
MD77180,ruberwhite,18.47,89.42,-2.75,,28.25056266784668,-0.26179295778274536
MD79256,ruberwhite,-19.58,37.04,-2.15,,26.7730770111084,0.4347999095916748
MD84-527,bulloides,-43.82,51.32,2.4000000000000004,5.646089394887288,7.7794575691223145,-0.20212259888648987
MD84-627,ruberwhite,32.23,33.75,-0.08,,21.97784996032715,1.657820463180542
MD90-917    ,bulloides,41.28,17.62,1.2,13.989456176757812,18.10636329650879,1.4140937328338623
MD90-917    ,ruberwhite,41.28,17.62,0.66,13.989456176757812,18.10636329650879,1.4140937328338623
MD90-948   ,ruberwhite,2.15,76.36,-0.66,,28.951169967651367,0.38975274562835693
MD90949,ruberwhite,5.06,73.88,-2.49,,28.82297706604004,0.419638454914093
MD90959,ruberwhite,2.09,76.12,-2.46,,28.951169967651367,0.38975274562835693
MD95-2005    ,pachyderma,57.03,-10.06,1.09,,11.121695518493652,0.44448381662368774
MD95-2017    ,pachyderma,53.04,-33.53,1.47,,8.87597370147705,0.21322904527187347
MD95-2019    ,pachyderma,51.09,-43.22,1.19,,9.795364379882812,0.05275784432888031
MD95-2021    ,pachyderma,50.86,-42.74,1.09,,11.48214054107666,0.0728224441409111
MD95-2023    ,pachyderma,50.97,-43.22,1.2,,11.504973411560059,0.039832279086112976
MD95-2038    ,pachyderma,37.75,-27.19,0.54,,19.058605194091797,0.8918478488922119
MD95-2039    ,pachyderma,40.58,-10.35,0.72,,16.571054458618164,0.7719508409500122
MD95-2041    ,pachyderma,37.83,-9.51,1.89,,17.271671295166016,0.9481886625289917
MD952001,ruberwhite,46.8,-8.67,0.35,,14.510506629943848,0.5914362668991089
MD952038,ruberwhite,37.75,-20.19,-0.12,,18.783605575561523,0.9234552383422852
MD97-2134,ruberwhite,-9.91,144.66,-2.51,,27.699872970581055,0.32576578855514526
MD972142,ruberwhite,12.68,119.45,-3.1,,28.429611206054688,0.185385599732399
MD972146,sacculifer,20.12,117.38,-1.95,26.45128631591797,26.45128631591797,0.24639230966567993
MD972148,sacculifer,19.78,117.53,-1.86,26.702417373657227,26.702417373657227,0.23927398025989532
MD972151,sacculifer,8.72,109.87,-2.61,27.990997314453125,27.990997314453125,0.1495635062456131
MD98 2167,ruberwhite,-13.09,121.35,-2.61,,28.53633689880371,0.3410831391811371
MD98-2172,ruberwhite,-8.52,128.15,-2.79,,28.386262893676758,0.2996434271335602
MG-237,ruberwhite,-5.2,11.33,-2.19,,24.97711944580078,0.5218501687049866
NA 87-22,bulloides,55.5,-14.7,1.13,10.148281288146972,11.695122718811035,0.48102322220802307
NIOP 905,bulloides,10.76,51.95,-1.07,26.158205032348633,26.158205032348633,0.5354698896408081
NIOP 905,ruberwhite,10.76,51.95,-1.68,26.158205032348633,26.158205032348633,0.5354698896408081
NIOP 905,sacculifer,10.76,51.95,-1.46,26.158205032348633,26.158205032348633,0.5354698896408081
NO 82-13,bulloides,40.55,-10.44,0.48,14.457040596008301,16.571054458618164,0.7719508409500122
ODP 1014,bulloides,32.83,-119.98,0.12,14.456061935424804,15.80532455444336,-0.43622416257858276
ODP 1017,bulloides,34.53,-120.89,-0.42,13.459506797790528,14.392621040344238,-0.5158795714378357
ODP 769A,ruberwhite,9.32,141.05,-2.57,,28.869308471679688,0.17692288756370544
ODP 806B,ruberwhite,0.32,159.36,-2.3,,29.301958084106445,0.28499311208724976
ODP 893,bulloides,34.29,-120.04,-0.05,13.665336418151856,14.742271423339844,-0.4821045696735382
ODP 980,pachyderma,55.48,-14.7,1.27,,11.695122718811035,0.48102322220802307
OMEX PE 109-5,bulloides,42.63,-10.17,0.6,13.693701553344727,15.729751586914062,0.7020502090454102
Orgon4-KS8,ruberwhite,23.4667,59.1917,-1.87,,27.282785415649414,0.6629296541213989
PAR87A-01,bulloides,54.42,-149.43,1.99,4.138551330566406,6.804209232330322,-0.8052250146865845
PAR87A-02,bulloides,54.29,-149.61,2.57,4.138551330566406,6.804209232330322,-0.8052250146865845
PAR87A-10,bulloides,54.36,-148.47,2.26,4.358195972442627,6.97700309753418,-0.8056355714797974
PC17,ruberwhite,21.36,-158.19,-1.8483886,,25.27996063232422,0.33359259366989136
PC20,ruberwhite,21.34,158.17,-1.8185243,,26.886167526245117,0.32166579365730286
PS1654-1,bulloides,-50.162,5.766000000000001,3.03,2.71958327293396,3.462667465209961,-0.2568574547767639
PS1750-7,bulloides,-42.695,12.183,2.085,10.729603290557861,11.641510009765625,0.039412904530763626
PS1752-5,bulloides,-45.621,9.61,2.268,5.9997498989105225,7.632865905761719,-0.17227871716022491
PS1754-2,bulloides,-46.5378,7.997200000000001,2.488,5.066500027974446,6.101994514465332,-0.1998613327741623
PS1756-6,bulloides,-48.896,6.729,2.8425000000000002,4.04800009727478,4.9096808433532715,-0.2383919507265091
PS1759-1,bulloides,-50.165,5.755,3.2,2.71958327293396,3.462667465209961,-0.2568574547767639
PS1775-5,bulloides,-50.952,-7.503,3.185,1.0576510429382324,2.712796449661255,-0.279879629611969
PS1777-7,bulloides,-48.233,-11.033,2.665,2.866988261540731,4.717170238494873,-0.23870277404785156
PS1778-1,bulloides,-49.012,-12.703,2.5780000000000003,3.6071667671203613,4.741333484649658,-0.2611403465270996
PS1779-3,bulloides,-50.395,-14.077,3.01,2.362666686375936,3.1195526123046875,-0.2734755873680115
PS2075-3,bulloides,-40.808,13.725,2.0580000000000003,14.167111078898111,15.011625289916992,0.23643510043621063
PS2075-3,pachyderma,-40.808,13.725,2.06,14.167111078898111,15.011625289916992,0.23643510043621063
PS2075-3,ruberwhite,-40.808,13.725,0.23099999999999998,14.167111078898111,15.011625289916992,0.23643510043621063
PS2076-1,bulloides,-41.135,13.481,2.008,14.25129222869873,14.001463890075684,0.1560819000005722
PS2076-1,pachyderma,-41.135,13.481,1.6533333333333333,14.25129222869873,14.001463890075684,0.1560819000005722
PS2076-1,ruberwhite,-41.135,13.481,0.4416,14.25129222869873,14.001463890075684,0.1560819000005722
PS2080-1,bulloides,-41.717,13.047000000000002,2.73,14.25129222869873,14.001463890075684,0.1560819000005722
PS2081-1,bulloides,-42.693,12.192,2.54,10.729603290557861,11.641510009765625,0.039412904530763626
PS2082-3,bulloides,-43.218,11.759,2.16,9.953666687011719,9.949265480041504,-0.05281469598412514
PS2083-1,bulloides,-46.37,7.036,2.2939999999999996,5.066500027974446,6.101994514465332,-0.1998613327741623
PS2083-1,pachyderma,-46.37,7.036,1.905,5.066500027974446,6.101994514465332,-0.1998613327741623
PS2084-2,bulloides,-47.025,7.9590000000000005,2.442,4.631499767303467,5.455455780029297,-0.2235063761472702
PS2084-2,pachyderma,-47.025,7.959,2.23,4.631499767303467,5.455455780029297,-0.2235063761472702
PS2085-1,bulloides,-47.749,7.997,2.408,4.631499767303467,5.455455780029297,-0.2235063761472702
PS2086-3,bulloides,-48.319,7.757,2.604,3.74400003751119,4.687081336975098,-0.240571066737175
PS2086-3,pachyderma,-48.319,7.757,2.39,3.74400003751119,4.687081336975098,-0.240571066737175
PS2087-1,bulloides,-49.134,6.706,2.8275,2.5989999771118164,3.5066847801208496,-0.2516005337238312
PS2087-1,pachyderma,-49.134,6.706,2.4699999999999998,2.5989999771118164,3.5066847801208496,-0.2516005337238312
PS2103-2,bulloides,-51.330000000000005,-3.324,2.6,1.1983333230018616,1.8930832147598267,-0.285747230052948
PS2104-1,bulloides,-50.742,-3.212,3.16,1.8809367020924885,2.447619915008545,-0.2761629819869995
PS2104-1,pachyderma,-50.742,-3.212,3.21,1.8809367020924885,2.447619915008545,-0.2761629819869995
PS2105-2,bulloides,-48.694,-2.848,2.7619999999999996,4.909249941507976,5.105830669403076,-0.23978039622306824
PS2106-1,bulloides,-41.854,0.094,2.256,9.884503841400146,10.944100379943848,0.0020435878541320562
PS2106-1,pachyderma,-41.854,0.094,1.69,9.884503841400146,10.944100379943848,0.0020435878541320562
PS2110-1,bulloides,-20.119,8.97,-0.009999999999999998,17.39706516265869,19.446325302124023,0.639690637588501
PS2110-1,pachyderma,-20.119,8.97,-0.04333333333333333,17.39706516265869,19.446325302124023,0.639690637588501
PS2110-1,ruberwhite,-20.119,8.97,-0.7322000000000001,17.39706516265869,19.446325302124023,0.639690637588501
PS2230-1,bulloides,-34.753,17.365,0.18333333333333335,16.33557629585266,17.86958122253418,0.48824211955070496
PS2230-1,pachyderma,-34.753,17.365,0.405,16.33557629585266,17.86958122253418,0.48824211955070496
PS2230-1,ruberwhite,-34.753,17.365,-0.79,16.33557629585266,17.86958122253418,0.48824211955070496
PS2231-1,bulloides,-35.61,16.355,2.0300000000000002,16.303893089294434,18.599050521850586,0.49494898319244385
PS2231-1,pachyderma,-35.61,16.355,0.755,16.303893089294434,18.599050521850586,0.49494898319244385
PS2233-1,bulloides,-37.518,14.112,1.98,16.352874517440796,17.691137313842773,0.44249919056892395
PS2235-1,bulloides,-42.239,5.223,1.72,9.906953493754068,10.694077491760254,-0.06122744083404541
PS2237-1,bulloides,-44.25,1.838,1.8900000000000001,7.269920349121094,8.44927978515625,-0.11447758227586746
PS2238-1,bulloides,-44.895999999999994,1.54,2.02,7.269920349121094,8.44927978515625,-0.11447758227586746
PS2239-1,bulloides,-45.503,1.251,2.3074999999999997,5.807541608810425,6.983616828918457,-0.1491614729166031
PS2240-1,bulloides,-46.767,0.628,1.9933333333333332,4.093999862670898,6.1298112869262695,-0.17968006432056427
PS2241-1,bulloides,-47.402,0.29,2.3225000000000002,3.739800532658895,5.244172096252441,-0.2099866420030594
PS2242-1,bulloides,-49.999,0.059,2.865,3.1810060143470764,4.253139019012451,-0.25251519680023193
PS2250-6,bulloides,-45.769,-57.94100000000001,1.9460000000000002,6.02241313457489,9.730489730834961,-0.16086935997009277
PS2250-6,pachyderma,-45.769,-57.941,0.98,6.02241313457489,9.730489730834961,-0.16086935997009277
PS2336-1,bulloides,-57.152,-53.989,2.24,0.1320833464463552,1.9685676097869873,-0.29746824502944946
PS2339-1,bulloides,-56.031,-56.943,2.245,3.379106601079305,3.9367446899414062,-0.2819935977458954
PS2341-1,bulloides,-55.615,-57.635,2.2866666666666666,3.8074931303660073,5.067296028137207,-0.2662583887577057
PS2342-1,bulloides,-55.258,-57.984,2.395,3.8074931303660073,5.067296028137207,-0.2662583887577057
PS2343-1,bulloides,-55.165,-58.090999999999994,2.146,5.047823905944824,6.23913049697876,-0.272228479385376
PS2343-1,pachyderma,-55.165,-58.091,1.505,5.047823905944824,6.23913049697876,-0.272228479385376
PS2351-1,bulloides,-53.764,-58.887,2.1075,5.0465792417526245,6.212808132171631,-0.25027942657470703
PS2352-1,bulloides,-53.736,-58.904,2.0725000000000002,5.0465792417526245,6.212808132171631,-0.25027942657470703
PS2353-2,bulloides,-53.606,-58.977,2.09,5.0465792417526245,6.212808132171631,-0.25027942657470703
PS2354-1,bulloides,-53.32899999999999,-59.09599999999999,2.146,5.255398511886597,6.487768173217773,-0.26700180768966675
PS2363-1,bulloides,-48.06199999999999,-5.998,2.8433333333333333,2.7709999084472656,4.186207294464111,-0.24110731482505798
PS2367-1,bulloides,-49.129,-6.0040000000000004,2.8699999999999997,2.7725000381469727,3.559000015258789,-0.26316583156585693
PS2368-1,bulloides,-46.873,-5.718,2.7225,4.5940834283828735,5.017055511474609,-0.1761065572500229
PS2376-1,bulloides,-48.567,-6.0,2.76,2.5864582657814026,3.1704821586608887,-0.240316241979599
PS2376-1,pachyderma,-48.567,-6.0,2.61,2.5864582657814026,3.1704821586608887,-0.240316241979599
PS2487-2,bulloides,-35.822,18.102,0.38165000000000004,16.84710454940796,18.62346649169922,0.4932597577571869
PS2487-2,pachyderma,-35.822,18.102,1.1097,16.84710454940796,18.62346649169922,0.4932597577571869
PS2487-2,ruberwhite,-35.822,18.102,-0.031799999999999995,16.84710454940796,18.62346649169922,0.4932597577571869
PS2489-4,bulloides,-42.883,8.968,1.947975,8.75069272518158,10.157355308532715,-0.041415970772504807
PS2489-4,pachyderma,-42.883,8.968,1.0175,8.75069272518158,10.157355308532715,-0.041415970772504807
PS2491-5,bulloides,-44.955,5.97,2.3508,7.666443824768066,8.09951400756836,-0.13151371479034424
PS2492-1,bulloides,-43.175,-4.052,2.16395,8.456750869750977,9.99409008026123,-0.049826622009277344
PS2493-3,bulloides,-42.892,-6.022,2.01265,9.869999885559082,11.569580078125,0.012476516887545586
PS2494-1,bulloides,-41.69,-12.34,1.1626750000000001,10.91100025177002,12.45206069946289,0.10401128232479095
PS2495-1,bulloides,-41.288,-14.5,1.0683999999999998,11.771082878112793,13.073541641235352,0.1136830598115921
PS2495-1,pachyderma,-41.288,-14.5,0.4461,11.771082878112793,13.073541641235352,0.1136830598115921
PS2499-1,bulloides,-46.512,-15.333,2.2700666666666667,5.814020752906799,6.826146602630615,-0.16387329995632172
PS2560-4,bulloides,-40.618,25.615,2.4609750000000004,14.883793512980143,16.127893447875977,0.2954467833042145
PS2560-4,pachyderma,-40.618,25.615,1.7067999999999999,14.883793512980143,16.127893447875977,0.2954467833042145
PS2656-2,bulloides,65.8457,-4.0718,2.3,4.053589391708374,6.082881450653076,0.3548789322376251
RC11-238,ruberwhite,-1.517,-85.817,-1.53,23.34100914001465,23.34100914001465,0.20648373663425446
RC11-238,sacculifer,-1.517,-85.817,-1.23,23.34100914001465,23.34100914001465,0.20648373663425446
RC11-83/1089,bulloides,-40.93,9.9,1.955,12.004217386245728,12.782759666442871,0.09746689349412918
RC12-344,ruberwhite,12.77,96.07,-3.34,,28.539676666259766,-0.07726658135652542
RC13-140,ruberwhite,2.867,-87.75,-2.66,26.669301986694336,26.669301986694336,-0.07912685722112656
RC13-140,sacculifer,2.867,-87.75,-2.03,26.669301986694336,26.669301986694336,-0.07912685722112656
RC8-102,ruberwhite,-1.42,-86.85,-1.78,22.761064529418945,22.761064529418945,0.208304300904274
RC8-102,sacculifer,-1.42,-86.85,-1.23,22.761064529418945,22.761064529418945,0.208304300904274
RC9-191,bulloides,38.2,18.03,1.35,15.331572914123536,19.444110870361328,1.4894917011260986
RC9-191,pachyderma,38.2,18.03,2.82,15.331572914123536,19.444110870361328,1.4894917011260986
RC9-191,ruberwhite,38.2,18.03,0.61,15.331572914123536,19.444110870361328,1.4894917011260986
SCS90-36,sacculifer,17.98,111.48,-2.47,26.833311080932617,26.833311080932617,0.22035957872867584
SHI 90-14,ruberwhite,-5.78,126.97,-2.56,,28.45013427734375,0.2663074731826782
SHI 90-22,ruberwhite,-11.58,122.05,-2.65,,28.560937881469727,0.32397371530532837
SHI 90-34,ruberwhite,-9.16,111.03,-2.91,,27.353614807128906,0.26839619874954224
SHIP-9018  ,ruberwhite,-8.1,126.08,-2.39,,28.56005096435547,0.270859032869339
SHIP-9024,ruberwhite,-9.06,119.52,-2.72,,28.030305862426758,0.26837509870529175
SHIP-9029  ,ruberwhite,-9.25,116.68,-2.37,,27.90100860595703,0.2582346796989441
SHIP-9037  ,ruberwhite,-8.92,108.35,-2.78,,27.961463928222656,0.2249138057231903
SHIP-9038  ,ruberwhite,-9.3,108.11,-2.13,,27.613618850708008,0.26311764121055603
SHIP-9040  ,ruberwhite,-7.69,107.46,-2.75,,27.96246337890625,0.22585627436637878
SHIP-9041  ,ruberwhite,-7.78,107.12,-2.87,,28.799724578857422,0.22585627436637878
SHIP-9047,ruberwhite,-4.99,102.13,-2.22,,28.35033416748047,0.17683996260166168
SITE-A,ruberwhite,5.12,-21.0,-2.102401,,27.931852340698242,0.7222766280174255
SITE-B,ruberwhite,5.42,-21.52,-2.0247221,,27.931852340698242,0.7222766280174255
SITE-C,ruberwhite,5.53,-21.8,-1.8064976,,27.931852340698242,0.7222766280174255
SITE-D,ruberwhite,5.83,-22.8,-2.0400357999999996,,27.94184684753418,0.7271339297294617
SITE-E,ruberwhite,7.0,-24.62,-1.2179113,,27.169660568237305,0.7438772916793823
SO28-05KL,ruberwhite,6.6625,61.1338,-2.2,,28.42164421081543,0.5292482376098633
SO42-15KL,ruberwhite,14.8803,60.7465,-1.67,,27.188339233398438,0.6098062992095947
SO42-79KL,ruberwhite,13.6473,58.326,-1.82,,27.02851676940918,0.5867062211036682
SU 81-14,bulloides,36.77,-9.85,0.035,16.30712776184082,18.11907386779785,0.9882516860961914
SU 90-33,bulloides,60.57,-22.09,1.58,8.131323432922363,9.426494598388672,0.37620994448661804
SU 92-28,bulloides,37.1,-9.48,0.14500000000000002,15.705958366394043,17.271671295166016,0.9481886625289917
SU81-03   ,bulloides,37.97,0.83,1.02,15.13868465423584,18.928003311157227,1.1664628982543945
SU81-03   ,pachyderma,37.97,0.83,1.01,15.13868465423584,18.928003311157227,1.1664628982543945
SU81-03   ,ruberwhite,37.97,0.83,0.18,15.13868465423584,18.928003311157227,1.1664628982543945
SU81-07,ruberwhite,35.95,-3.8,-0.11,,18.25275230407715,1.02870512008667
SU81-13,bulloides,36.02,-7.67,0.0,16.405511093139648,18.406234741210938,0.9919549226760864
SU81-18,bulloides,37.77,-10.18,0.034999999999999996,15.955373191833496,17.86865997314453,0.9440039396286011
SU90-04P     ,pachyderma,41.13,-32.07,0.79,,17.92704200744629,0.8104084134101868
SU90-06P     ,pachyderma,42.03,-32.712,0.81,,17.570697784423828,0.7755988240242004
SU90-07P     ,pachyderma,42.337,-32.26,0.93,,17.570697784423828,0.7755988240242004
SU90-08P     ,pachyderma,43.05,-30.04,0.8,,16.433916091918945,0.7354058027267456
SU90-37S     ,pachyderma,55.11,-20.73,1.32,,11.32154369354248,0.43579190969467163
SU90I-01,pachyderma,44.71,-34.02,0.93,,16.132556915283203,0.6942728757858276
SU90I-02,pachyderma,45.09,-39.44,0.84,,15.832201957702637,0.561477780342102
SU90I-03,pachyderma,51.88,-39.78,1.27,,9.131108283996582,0.1642063707113266
TG7,bulloides,-17.2,-78.11,-1.86,17.309953212738037,20.144771575927734,0.431409627199173
TN57-21,bulloides,-41.13,7.82,1.9297,10.144583384195963,11.40561580657959,-0.0026146897580474615
TR163-19,ruberwhite,2.26,-90.95,-2.21,,26.514982223510742,-0.005784221459180117
TR163-21,ruberwhite,0.607,-93.305,-1.37,,24.494354248046875,0.1922726184129715
TR163-23,ruberwhite,0.41,-92.16,-1.54,,25.08376121520996,0.1823488026857376
Troll 3.1,pachyderma,60.78,3.71,1.253,,9.469456672668457,0.09682170301675797
V10-49,bulloides,36.08,26.83,0.92,16.72372703552246,19.563663482666016,1.615890383720398
V10-49,ruberwhite,36.08,26.83,0.6,16.72372703552246,19.563663482666016,1.615890383720398
V10-51,bulloides,35.92,27.3,1.02,16.656015396118164,20.084936141967773,1.6409331560134888
V10-51,ruberwhite,35.92,27.3,0.53,16.656015396118164,20.084936141967773,1.6409331560134888
V16-121,bulloides,-51.0,164.0,1.1793,8.002393960952759,8.68317699432373,-0.13199099898338318
V16-122,bulloides,-47.0,172.0,1.484,7.9449888865153,9.669693946838379,0.057969119399785995
V19-27,ruberwhite,-0.467,-82.067,-2.1,24.205944061279297,24.205944061279297,0.13177832961082458
V19-27,sacculifer,-0.467,-82.067,-1.91,24.205944061279297,24.205944061279297,0.13177832961082458
V19-28,ruberwhite,-2.367,-84.65,-1.57,22.055471420288086,22.055471420288086,0.2468332052230835
V19-28,sacculifer,-2.367,-84.65,-1.29,22.055471420288086,22.055471420288086,0.2468332052230835
V21-29,sacculifer,-1.05,-89.35,-1.47,23.09092903137207,23.09092903137207,0.2387910932302475
V21-30,ruberwhite,-1.22,-89.68,-1.5,23.09092903137207,23.09092903137207,0.2387910932302475
V21-30,sacculifer,-1.217,-89.683,-1.48,23.09092903137207,23.09092903137207,0.2387910932302475
V21-40,ruberwhite,-5.517,-106.767,-1.61,25.087289810180664,25.087289810180664,0.3999630808830261
V21-40,sacculifer,-5.517,-106.767,-1.22,25.087289810180664,25.087289810180664,0.3999630808830261
V24-157,sacculifer,-14.05,147.92,-1.76,26.992691040039062,26.992691040039062,0.3972075581550598
V24-170,sacculifer,-12.48,146.88,-1.75,26.99830436706543,26.99830436706543,0.3696436583995819
paleo SU 9002P,ruberwhite,40.57,-30.94,-0.06,,17.797924041748047,0.8304075002670288
paleo SU 9003P,ruberwhite,40.08,-32.0,-0.34,,18.520193099975586,0.8386810421943665
paleo SU 9004P,ruberwhite,41.0,-32.0,-0.42,,17.92704200744629,0.8104084134101868
paleo SU 9006P,ruberwhite,42.0,-32.07,-0.4,,17.570697784423828,0.7755988240242004
paleo SU 9007P,ruberwhite,42.08,-32.58,-0.05,,17.570697784423828,0.7755988240242004
paleo SU 9008P,ruberwhite,43.08,-30.58,-0.22,,16.433916091918945,0.7354058027267456
